product_id,product_name,category,unit_price
1,Novelty Chilli Chocolates 250g,Confectionery,8.5
2,USB Food Flash Drive - Chocolate,Novelty Items,12.0
3,Ride On Dinosaur Costume,Costumes,145.0
4,Air Cushion Machine,Packaging,1850.0
5,Alien Egg Fidget Ball,Novelty Items,6.25
6,Developer Flashing Fish Hat,Novelty Items,18.75
7,Clear Ethernet Cable 2m,Electronics,9.99
8,Ergonomic Keyboard,Electronics,65.0
9,Packaging Tape Dispenser,Packaging,22.5
10,Magic Flashing Fruit Bowl,Novelty Items,34.0
11,Giant Chocolate Snake 1.2m,Confectionery,45.0
12,50mm Double Sided Tape,Packaging,5.75
13,Furry Gloves (Black) S,Clothing,15.5
14,Superhero Mask (Red),Costumes,11.25
15,RC Mini Monster Truck,Toys,28.0
